{"cameraMode":{"drawMode":0,"name":"Shaded","section":"Shading Mode"},"sceneLighting":false,"audioPlay":false,"sceneViewState":{"showFog":true,"showMaterialUpdate":false,"showSkybox":false,"showFlares":true,"showImageEffects":true,"showParticleSystems":true},"in2DMode":false,"pivot":{"x":-9.12306022644043,"y":1.9264585971832276,"z":-21.814373016357423},"rotation":{"x":-0.1851387917995453,"y":0.038037046790122989,"z":-0.007444838061928749,"w":-0.9822472333908081},"size":2.214470863342285,"orthographic":false}