{"cameraMode":{"drawMode":0,"name":"Shaded","section":"Shading Mode"},"sceneLighting":true,"audioPlay":false,"sceneViewState":{"showFog":true,"showMaterialUpdate":false,"showSkybox":true,"showFlares":true,"showImageEffects":true,"showParticleSystems":true},"in2DMode":false,"pivot":{"x":-148.50428771972657,"y":-307.902099609375,"z":255.7563018798828},"rotation":{"x":0.38751718401908877,"y":-0.28080594539642336,"z":0.12370912730693817,"w":0.8696059584617615},"size":633.0054931640625,"orthographic":false}