{"cameraMode":{"drawMode":0,"name":"Shaded","section":"Shading Mode"},"sceneLighting":false,"audioPlay":false,"sceneViewState":{"showFog":true,"showMaterialUpdate":false,"showSkybox":false,"showFlares":true,"showImageEffects":true,"showParticleSystems":true},"in2DMode":false,"pivot":{"x":-9.420000076293946,"y":1.600000023841858,"z":-19.139999389648439},"rotation":{"x":-0.007112123537808657,"y":0.9839870929718018,"z":-0.17481347918510438,"w":-0.041938215494155887},"size":3.362665891647339,"orthographic":false}