{"cameraMode":{"drawMode":0,"name":"Shaded","section":"Shading Mode"},"sceneLighting":true,"audioPlay":false,"sceneViewState":{"showFog":true,"showMaterialUpdate":false,"showSkybox":true,"showFlares":true,"showImageEffects":true,"showParticleSystems":true},"in2DMode":false,"pivot":{"x":59.78636169433594,"y":-53.149024963378909,"z":69.25756072998047},"rotation":{"x":-0.25048506259918215,"y":-0.35886526107788088,"z":0.1006082072854042,"w":-0.8935701847076416},"size":118.02046966552735,"orthographic":false}