{"cameraMode":{"drawMode":0,"name":"Shaded","section":"Shading Mode"},"sceneLighting":false,"audioPlay":false,"sceneViewState":{"showFog":true,"showMaterialUpdate":false,"showSkybox":false,"showFlares":true,"showImageEffects":true,"showParticleSystems":true},"in2DMode":false,"pivot":{"x":46.05949783325195,"y":-54.49866485595703,"z":-6.2287702560424809},"rotation":{"x":-0.23905470967292787,"y":-0.679716944694519,"z":0.25155898928642275,"w":-0.6465657353401184},"size":119.29169464111328,"orthographic":false}