{"cameraMode":{"drawMode":0,"name":"Shaded","section":"Shading Mode"},"sceneLighting":false,"audioPlay":false,"sceneViewState":{"showFog":true,"showMaterialUpdate":false,"showSkybox":false,"showFlares":true,"showImageEffects":true,"showParticleSystems":true},"in2DMode":false,"pivot":{"x":-10.154679298400879,"y":12.030529975891114,"z":8.372502326965332},"rotation":{"x":0.004642791114747524,"y":-0.2360069751739502,"z":0.0012541854521259666,"w":0.971825122833252},"size":22.0,"orthographic":false}