{"cameraMode":{"drawMode":0,"name":"Shaded","section":"Shading Mode"},"sceneLighting":false,"audioPlay":false,"sceneViewState":{"showFog":true,"showMaterialUpdate":false,"showSkybox":false,"showFlares":true,"showImageEffects":true,"showParticleSystems":true},"in2DMode":false,"pivot":{"x":-9.420132637023926,"y":0.9696434736251831,"z":-19.008928298950197},"rotation":{"x":-0.03931000828742981,"y":-0.01974492333829403,"z":0.00045095678069628775,"w":-0.999326229095459},"size":2.214470863342285,"orthographic":false}