{"cameraMode":{"drawMode":0,"name":"Shaded","section":"Shading Mode"},"sceneLighting":true,"audioPlay":false,"sceneViewState":{"showFog":true,"showMaterialUpdate":false,"showSkybox":true,"showFlares":true,"showImageEffects":true,"showParticleSystems":true},"in2DMode":false,"pivot":{"x":170.9122314453125,"y":-1331.0946044921875,"z":1772.01123046875},"rotation":{"x":-0.31563541293144228,"y":-0.04035523533821106,"z":0.013210169039666653,"w":-0.9482721090316773},"size":2255.918701171875,"orthographic":false}