{"cameraMode":{"drawMode":0,"name":"Shaded","section":"Shading Mode"},"sceneLighting":false,"audioPlay":false,"sceneViewState":{"showFog":true,"showMaterialUpdate":false,"showSkybox":false,"showFlares":true,"showImageEffects":true,"showParticleSystems":true},"in2DMode":false,"pivot":{"x":-5.8666462898254398,"y":7.67125940322876,"z":24.198434829711915},"rotation":{"x":0.4612354636192322,"y":0.10893084108829498,"z":-0.05704088509082794,"w":0.8788108825683594},"size":22.0,"orthographic":false}