{"cameraMode":{"drawMode":0,"name":"Shaded","section":"Shading Mode"},"sceneLighting":false,"audioPlay":false,"sceneViewState":{"showFog":true,"showMaterialUpdate":false,"showSkybox":false,"showFlares":true,"showImageEffects":true,"showParticleSystems":true},"in2DMode":false,"pivot":{"x":-0.033871352672576907,"y":0.09650275111198425,"z":0.4535590708255768},"rotation":{"x":-0.2263011634349823,"y":0.5704817175865173,"z":-0.16738726198673249,"w":-0.7716799974441528},"size":6.345235347747803,"orthographic":false}