{"cameraMode":{"drawMode":0,"name":"Shaded","section":"Shading Mode"},"sceneLighting":true,"audioPlay":false,"sceneViewState":{"showFog":true,"showMaterialUpdate":false,"showSkybox":true,"showFlares":true,"showImageEffects":true,"showParticleSystems":true},"in2DMode":false,"pivot":{"x":62.90180587768555,"y":-5.0323805809021,"z":21.192670822143556},"rotation":{"x":-0.15870115160942079,"y":0.12827903032302857,"z":-0.021800212562084199,"w":-0.9791638851165772},"size":1577.77978515625,"orthographic":false}