{"cameraMode":{"drawMode":0,"name":"Shaded","section":"Shading Mode"},"sceneLighting":false,"audioPlay":false,"sceneViewState":{"showFog":true,"showMaterialUpdate":false,"showSkybox":false,"showFlares":true,"showImageEffects":true,"showParticleSystems":true},"in2DMode":false,"pivot":{"x":37.604347229003909,"y":-67.42029571533203,"z":-2.045161247253418},"rotation":{"x":-0.29959869384765627,"y":-0.6996719241142273,"z":0.43706122040748598,"w":-0.479774534702301},"size":124.65982055664063,"orthographic":false}