{"cameraMode":{"drawMode":0,"name":"Shaded","section":"Shading Mode"},"sceneLighting":true,"audioPlay":false,"sceneViewState":{"showFog":true,"showMaterialUpdate":false,"showSkybox":true,"showFlares":true,"showImageEffects":true,"showParticleSystems":true},"in2DMode":false,"pivot":{"x":8.211869239807129,"y":12.700113296508789,"z":16.523860931396486},"rotation":{"x":-0.27095329761505129,"y":-0.5142194628715515,"z":0.17596976459026338,"w":-0.7951168417930603},"size":28.533809661865236,"orthographic":false}