{"cameraMode":{"drawMode":0,"name":"Shaded","section":"Shading Mode"},"sceneLighting":false,"audioPlay":false,"sceneViewState":{"showFog":true,"showMaterialUpdate":false,"showSkybox":false,"showFlares":true,"showImageEffects":true,"showParticleSystems":true},"in2DMode":false,"pivot":{"x":5.634776592254639,"y":-12.674744606018067,"z":-5.472024440765381},"rotation":{"x":-0.24741001427173615,"y":-0.5688621401786804,"z":0.1847202181816101,"w":-0.7625972032546997},"size":62.23236846923828,"orthographic":false}