{"cameraMode":{"drawMode":0,"name":"Shaded","section":"Shading Mode"},"sceneLighting":false,"audioPlay":false,"sceneViewState":{"showFog":true,"showMaterialUpdate":false,"showSkybox":false,"showFlares":true,"showImageEffects":true,"showParticleSystems":true},"in2DMode":false,"pivot":{"x":-10.924388885498047,"y":-3.7903692722320558,"z":-27.80398941040039},"rotation":{"x":-0.011695747263729573,"y":0.980158269405365,"z":-0.1893502026796341,"w":-0.06242711469531059},"size":22.0,"orthographic":false}