{"cameraMode":{"drawMode":0,"name":"Shaded","section":"Shading Mode"},"sceneLighting":false,"audioPlay":false,"sceneViewState":{"showFog":true,"showMaterialUpdate":false,"showSkybox":false,"showFlares":true,"showImageEffects":true,"showParticleSystems":true},"in2DMode":false,"pivot":{"x":-9.420000076293946,"y":0.699999988079071,"z":-19.139999389648439},"rotation":{"x":-0.08572740107774735,"y":-0.01222992967814207,"z":0.0007186672301031649,"w":-0.9965388774871826},"size":10.210973739624024,"orthographic":false}