{"cameraMode":{"drawMode":0,"name":"Shaded","section":"Shading Mode"},"sceneLighting":true,"audioPlay":false,"sceneViewState":{"showFog":true,"showMaterialUpdate":false,"showSkybox":true,"showFlares":true,"showImageEffects":true,"showParticleSystems":true},"in2DMode":false,"pivot":{"x":19.10430908203125,"y":0.71002197265625,"z":19.86191177368164},"rotation":{"x":0.10666374117136002,"y":0.8425322771072388,"z":-0.18298748135566712,"w":0.49628639221191409},"size":11.84316349029541,"orthographic":false}