{"cameraMode":{"drawMode":0,"name":"Shaded","section":"Shading Mode"},"sceneLighting":false,"audioPlay":false,"sceneViewState":{"showFog":true,"showMaterialUpdate":false,"showSkybox":false,"showFlares":true,"showImageEffects":true,"showParticleSystems":true},"in2DMode":false,"pivot":{"x":-5.743335723876953,"y":-2.1993942260742189,"z":4.163536071777344},"rotation":{"x":0.5589118003845215,"y":0.1690022349357605,"z":-0.11743856221437454,"w":0.803386926651001},"size":86.10487365722656,"orthographic":false}