{"cameraMode":{"drawMode":0,"name":"Shaded","section":"Shading Mode"},"sceneLighting":false,"audioPlay":false,"sceneViewState":{"showFog":true,"showMaterialUpdate":false,"showSkybox":false,"showFlares":true,"showImageEffects":true,"showParticleSystems":true},"in2DMode":false,"pivot":{"x":-2.300434112548828,"y":-0.3301848769187927,"z":1.403166651725769},"rotation":{"x":-0.17025722563266755,"y":0.2260340303182602,"z":-0.040115389972925189,"w":-0.9583733677864075},"size":6.645235538482666,"orthographic":false}