{"cameraMode":{"drawMode":0,"name":"Shaded","section":"Shading Mode"},"sceneLighting":false,"audioPlay":false,"sceneViewState":{"showFog":true,"showMaterialUpdate":false,"showSkybox":false,"showFlares":true,"showImageEffects":true,"showParticleSystems":true},"in2DMode":false,"pivot":{"x":-9.420000076293946,"y":0.699999988079071,"z":-19.139999389648439},"rotation":{"x":-0.23871619999408723,"y":-0.5827780365943909,"z":0.18435360491275788,"w":-0.7549043893814087},"size":4.471578121185303,"orthographic":false}