{"cameraMode":{"drawMode":0,"name":"Shaded","section":"Shading Mode"},"sceneLighting":false,"audioPlay":false,"sceneViewState":{"showFog":true,"showMaterialUpdate":false,"showSkybox":false,"showFlares":true,"showImageEffects":true,"showParticleSystems":true},"in2DMode":false,"pivot":{"x":0.3926161825656891,"y":0.47664695978164675,"z":-0.06099562346935272},"rotation":{"x":-0.10877007991075516,"y":0.7006108164787293,"z":-0.10930759459733963,"w":-0.6968060731887817},"size":3.2289822101593019,"orthographic":false}