{"cameraMode":{"drawMode":0,"name":"Shaded","section":"Shading Mode"},"sceneLighting":false,"audioPlay":false,"sceneViewState":{"showFog":true,"showMaterialUpdate":false,"showSkybox":false,"showFlares":true,"showImageEffects":true,"showParticleSystems":true},"in2DMode":false,"pivot":{"x":1.7513701915740967,"y":1.187960147857666,"z":-0.06282991170883179},"rotation":{"x":-0.046858448535203937,"y":0.8405470252037048,"z":-0.07354667037725449,"w":-0.5348345041275024},"size":2.328982353210449,"orthographic":false}