{"cameraMode":{"drawMode":0,"name":"Shaded","section":"Shading Mode"},"sceneLighting":false,"audioPlay":false,"sceneViewState":{"showFog":true,"showMaterialUpdate":false,"showSkybox":false,"showFlares":true,"showImageEffects":true,"showParticleSystems":true},"in2DMode":false,"pivot":{"x":-9.420000076293946,"y":0.699999988079071,"z":-19.139999389648439},"rotation":{"x":-0.23899246752262116,"y":-0.5816450119018555,"z":0.183995321393013,"w":-0.7557777166366577},"size":1.3144710063934327,"orthographic":false}