{"cameraMode":{"drawMode":0,"name":"Shaded","section":"Shading Mode"},"sceneLighting":false,"audioPlay":false,"sceneViewState":{"showFog":true,"showMaterialUpdate":false,"showSkybox":false,"showFlares":true,"showImageEffects":true,"showParticleSystems":true},"in2DMode":false,"pivot":{"x":-9.454652786254883,"y":2.891061782836914,"z":-20.995298385620118},"rotation":{"x":-0.05280118063092232,"y":-0.010747943073511124,"z":0.000239867003983818,"w":-0.9988422989845276},"size":11.318068504333496,"orthographic":false}