{"cameraMode":{"drawMode":0,"name":"Shaded","section":"Shading Mode"},"sceneLighting":false,"audioPlay":false,"sceneViewState":{"showFog":true,"showMaterialUpdate":false,"showSkybox":false,"showFlares":true,"showImageEffects":true,"showParticleSystems":true},"in2DMode":false,"pivot":{"x":-3.139627456665039,"y":-8.569854736328125,"z":-4.388204574584961},"rotation":{"x":0.4129731357097626,"y":0.41779014468193056,"z":-0.22166579961776734,"w":0.7783434391021729},"size":44.36936569213867,"orthographic":false}