{"cameraMode":{"drawMode":0,"name":"Shaded","section":"Shading Mode"},"sceneLighting":false,"audioPlay":false,"sceneViewState":{"showFog":true,"showMaterialUpdate":false,"showSkybox":false,"showFlares":true,"showImageEffects":true,"showParticleSystems":true},"in2DMode":false,"pivot":{"x":-1.5099999904632569,"y":4.574756145477295,"z":4.807217597961426},"rotation":{"x":-0.21528145670890809,"y":-0.5469846725463867,"z":0.14802485704421998,"w":-0.7954227924346924},"size":1.4352803230285645,"orthographic":false}