{"cameraMode":{"drawMode":0,"name":"Shaded","section":"Shading Mode"},"sceneLighting":false,"audioPlay":false,"sceneViewState":{"showFog":true,"showMaterialUpdate":false,"showSkybox":false,"showFlares":true,"showImageEffects":true,"showParticleSystems":true},"in2DMode":false,"pivot":{"x":-9.083341598510743,"y":-1.1780709028244019,"z":-27.358633041381837},"rotation":{"x":0.0003333930508233607,"y":0.9968699216842651,"z":-0.08273995667695999,"w":-0.0005656034336425364},"size":15.221227645874024,"orthographic":false}